date,user_color,opponent,result,time_control,time_class,variant,pgn,url
2025-05-01 20:00:51,black,jacr2420,win,600,rapid,chess,"[Event ""Live Chess""]
[Site ""Chess.com""]
[Date ""2025.05.01""]
[Round ""-""]
[White ""Jacr2420""]
[Black ""macspacs""]
[Result ""0-1""]
[CurrentPosition ""8/6k1/7p/8/8/K7/1r6/q7 w - - 12 78""]
[Timezone ""UTC""]
[ECO ""B10""]
[ECOUrl ""https://www.chess.com/openings/Caro-Kann-Defense-2.Nf3-d5""]
[UTCDate ""2025.05.01""]
[UTCTime ""17:45:42""]
[WhiteElo ""968""]
[BlackElo ""972""]
[TimeControl ""600""]
[Termination ""macspacs won by checkmate""]
[StartTime ""17:45:42""]
[EndDate ""2025.05.01""]
[EndTime ""18:00:51""]
[Link ""https://www.chess.com/game/live/137994476492""]

1. e4 {[%clk 0:09:59.9]} 1... c6 {[%clk 0:09:59]} 2. Nf3 {[%clk 0:09:57.6]} 2... d5 {[%clk 0:09:57.4]} 3. e5 {[%clk 0:09:54.1]} 3... Bf5 {[%clk 0:09:50.2]} 4. Nc3 {[%clk 0:09:50.1]} 4... e6 {[%clk 0:09:46.6]} 5. d3 {[%clk 0:09:46.4]} 5... Bb4 {[%clk 0:09:40.8]} 6. Bd2 {[%clk 0:09:40.4]} 6... Ne7 {[%clk 0:09:38.8]} 7. a3 {[%clk 0:09:33.2]} 7... Bxc3 {[%clk 0:09:37.1]} 8. Bxc3 {[%clk 0:09:31.4]} 8... O-O {[%clk 0:09:36.6]} 9. Be2 {[%clk 0:09:09.6]} 9... Nd7 {[%clk 0:09:33]} 10. O-O {[%clk 0:08:42.4]} 10... Ng6 {[%clk 0:09:15.7]} 11. d4 {[%clk 0:08:28.5]} 11... Nf4 {[%clk 0:09:12.2]} 12. Bd2 {[%clk 0:08:21.3]} 12... Nxe2+ {[%clk 0:09:10.6]} 13. Qxe2 {[%clk 0:08:19.6]} 13... Bxc2 {[%clk 0:09:08]} 14. Ng5 {[%clk 0:08:16]} 14... h6 {[%clk 0:08:57.8]} 15. Nf3 {[%clk 0:08:04.6]} 15... Be4 {[%clk 0:08:45.8]} 16. Bb4 {[%clk 0:07:54.7]} 16... Re8 {[%clk 0:08:43.4]} 17. Nd2 {[%clk 0:07:49.6]} 17... Bg6 {[%clk 0:08:37.6]} 18. a4 {[%clk 0:07:30.9]} 18... a5 {[%clk 0:08:35]} 19. Bc3 {[%clk 0:07:20.4]} 19... Nf8 {[%clk 0:08:33.5]} 20. Nf3 {[%clk 0:07:14.4]} 20... Nh7 {[%clk 0:08:32.1]} 21. Bd2 {[%clk 0:07:05.6]} 21... Ng5 {[%clk 0:08:29.3]} 22. Nh4 {[%clk 0:06:49.1]} 22... Ne4 {[%clk 0:08:23.2]} 23. Nxg6 {[%clk 0:06:30.8]} 23... Nxd2 {[%clk 0:08:20]} 24. Qxd2 {[%clk 0:06:15.3]} 24... fxg6 {[%clk 0:08:17.7]} 25. b4 {[%clk 0:06:09.9]} 25... b6 {[%clk 0:08:11.4]} 26. b5 {[%clk 0:06:06.5]} 26... c5 {[%clk 0:08:05.9]} 27. dxc5 {[%clk 0:06:03.2]} 27... bxc5 {[%clk 0:08:05.8]} 28. Rac1 {[%clk 0:05:54.2]} 28... c4 {[%clk 0:08:03.8]} 29. Qd4 {[%clk 0:05:48.8]} 29... Qe7 {[%clk 0:07:46.8]} 30. b6 {[%clk 0:05:38.4]} 30... Reb8 {[%clk 0:07:29.7]} 31. Rb1 {[%clk 0:05:30]} 31... Qd8 {[%clk 0:07:20.9]} 32. b7 {[%clk 0:05:22.2]} 32... Ra6 {[%clk 0:07:11.8]} 33. Qg4 {[%clk 0:05:12.4]} 33... Rb6 {[%clk 0:07:06.5]} 34. Rxb6 {[%clk 0:05:05.5]} 34... Qxb6 {[%clk 0:07:05.5]} 35. Qxg6 {[%clk 0:05:02]} 35... Qxb7 {[%clk 0:07:04.4]} 36. Qxe6+ {[%clk 0:05:00.7]} 36... Kh7 {[%clk 0:07:01.1]} 37. f4 {[%clk 0:04:45.2]} 37... c3 {[%clk 0:06:52.3]} 38. Rc1 {[%clk 0:04:37.7]} 38... Qb2 {[%clk 0:06:49.9]} 39. Qf5+ {[%clk 0:04:31.9]} 39... Kg8 {[%clk 0:06:39]} 40. Qe6+ {[%clk 0:04:22.7]} 40... Kh7 {[%clk 0:06:37]} 41. Rf1 {[%clk 0:04:09.9]} 41... c2 {[%clk 0:06:17.3]} 42. Qxd5 {[%clk 0:04:03]} 42... c1=Q {[%clk 0:06:10]} 43. Qe4+ {[%clk 0:03:57.9]} 43... g6 {[%clk 0:05:59.5]} 44. f5 {[%clk 0:03:45.5]} 44... Qxf1+ {[%clk 0:05:57.5]} 45. Kxf1 {[%clk 0:03:43.3]} 45... Qc1+ {[%clk 0:05:49.6]} 46. Kf2 {[%clk 0:03:40.3]} 46... Rb2+ {[%clk 0:05:47.8]} 47. Kg3 {[%clk 0:03:35.1]} 47... Qg5+ {[%clk 0:05:41.4]} 48. Kf3 {[%clk 0:03:28.9]} 48... Rb3+ {[%clk 0:05:39.9]} 49. Kf2 {[%clk 0:03:25.5]} 49... gxf5 {[%clk 0:05:28.1]} 50. Qc2 {[%clk 0:03:17.3]} 50... Qf4+ {[%clk 0:05:17]} 51. Kg1 {[%clk 0:03:11.4]} 51... Qd4+ {[%clk 0:05:07.5]} 52. Kf1 {[%clk 0:03:02.1]} 52... Qd3+ {[%clk 0:04:44.6]} 53. Qxd3 {[%clk 0:02:52.6]} 53... Rxd3 {[%clk 0:04:43.7]} 54. Ke2 {[%clk 0:02:50.7]} 54... Rd8 {[%clk 0:04:42.2]} 55. Ke3 {[%clk 0:02:46.9]} 55... Re8 {[%clk 0:04:41.2]} 56. Kf4 {[%clk 0:02:42.9]} 56... Kg6 {[%clk 0:04:38.2]} 57. g4 {[%clk 0:02:38.9]} 57... fxg4 {[%clk 0:04:34.9]} 58. Kxg4 {[%clk 0:02:36.6]} 58... Rxe5 {[%clk 0:04:34]} 59. Kf4 {[%clk 0:02:33.4]} 59... Rh5 {[%clk 0:04:30.7]} 60. Kg3 {[%clk 0:02:29.6]} 60... Rc5 {[%clk 0:04:28.2]} 61. h4 {[%clk 0:02:27]} 61... Rc4 {[%clk 0:04:27.6]} 62. Kh3 {[%clk 0:02:22.3]} 62... Rxa4 {[%clk 0:04:26.3]} 63. Kg3 {[%clk 0:02:20.8]} 63... Ra3+ {[%clk 0:04:21]} 64. Kg4 {[%clk 0:02:19.1]} 64... a4 {[%clk 0:04:20]} 65. h5+ {[%clk 0:02:17.8]} 65... Kg7 {[%clk 0:04:16.8]} 66. Kf5 {[%clk 0:02:14]} 66... Rb3 {[%clk 0:04:13]} 67. Ke4 {[%clk 0:02:08.3]} 67... a3 {[%clk 0:04:12.2]} 68. Kd4 {[%clk 0:02:06.9]} 68... a2 {[%clk 0:04:11.6]} 69. Kc4 {[%clk 0:02:05.9]} 69... Rh3 {[%clk 0:04:10.8]} 70. Kd5 {[%clk 0:02:01.2]} 70... Rxh5+ {[%clk 0:04:09.4]} 71. Ke6 {[%clk 0:02:00.2]} 71... a1=Q {[%clk 0:04:08]} 72. Ke7 {[%clk 0:01:57.9]} 72... Qe1+ {[%clk 0:04:04.5]} 73. Kd6 {[%clk 0:01:55.9]} 73... Rh2 {[%clk 0:04:01.4]} 74. Kd5 {[%clk 0:01:52.9]} 74... Rd2+ {[%clk 0:04:00.1]} 75. Kc4 {[%clk 0:01:51]} 75... Qc1+ {[%clk 0:03:59.1]} 76. Kb4 {[%clk 0:01:46.2]} 76... Rb2+ {[%clk 0:03:55.4]} 77. Ka3 {[%clk 0:01:40.6]} 77... Qa1# {[%clk 0:03:49.3]} 0-1
",https://www.chess.com/game/live/137994476492
2025-05-01 23:06:15,white,submersiblese,loss,600,rapid,chess,"[Event ""Live Chess""]
[Site ""Chess.com""]
[Date ""2025.05.01""]
[Round ""-""]
[White ""macspacs""]
[Black ""submersiblese""]
[Result ""0-1""]
[CurrentPosition ""8/8/8/7p/8/3n3k/5pp1/7K w - - 0 77""]
[Timezone ""UTC""]
[ECO ""B27""]
[ECOUrl ""https://www.chess.com/openings/Sicilian-Defense-Hyperaccelerated-Dragon-Variation-3.Bc4""]
[UTCDate ""2025.05.01""]
[UTCTime ""20:49:09""]
[WhiteElo ""964""]
[BlackElo ""973""]
[TimeControl ""600""]
[Termination ""submersiblese won by checkmate""]
[StartTime ""20:49:09""]
[EndDate ""2025.05.01""]
[EndTime ""21:06:15""]
[Link ""https://www.chess.com/game/live/138000111506""]

1. e4 {[%clk 0:09:58.5]} 1... c5 {[%clk 0:09:59.4]} 2. Nf3 {[%clk 0:09:56.3]} 2... g6 {[%clk 0:09:57.7]} 3. Bc4 {[%clk 0:09:53.8]} 3... e6 {[%clk 0:09:50.2]} 4. O-O {[%clk 0:09:51.1]} 4... Bg7 {[%clk 0:09:49.4]} 5. c3 {[%clk 0:09:46.5]} 5... Nc6 {[%clk 0:09:45.3]} 6. d4 {[%clk 0:09:44.2]} 6... cxd4 {[%clk 0:09:37.8]} 7. cxd4 {[%clk 0:09:44.1]} 7... d5 {[%clk 0:09:27.9]} 8. exd5 {[%clk 0:09:40.8]} 8... exd5 {[%clk 0:09:26.3]} 9. Re1+ {[%clk 0:09:38.3]} 9... Nge7 {[%clk 0:09:24.1]} 10. Bxd5 {[%clk 0:09:35.2]} 10... Qxd5 {[%clk 0:09:09.6]} 11. Nc3 {[%clk 0:09:26]} 11... Qd8 {[%clk 0:08:41.3]} 12. Bg5 {[%clk 0:09:12.3]} 12... O-O {[%clk 0:08:35.2]} 13. Bxe7 {[%clk 0:09:11.3]} 13... Nxe7 {[%clk 0:08:33.6]} 14. d5 {[%clk 0:08:54.4]} 14... b6 {[%clk 0:07:32.7]} 15. d6 {[%clk 0:08:51]} 15... Nf5 {[%clk 0:07:31]} 16. Nb5 {[%clk 0:08:39.5]} 16... Ba6 {[%clk 0:07:20]} 17. Nc7 {[%clk 0:08:31.3]} 17... Bxb2 {[%clk 0:06:55.2]} 18. Rb1 {[%clk 0:08:29.7]} 18... Bc3 {[%clk 0:06:46.1]} 19. Rf1 {[%clk 0:08:01.9]} 19... Bxf1 {[%clk 0:06:41.9]} 20. Kxf1 {[%clk 0:07:59.2]} 20... Rc8 {[%clk 0:06:33.7]} 21. Nb5 {[%clk 0:07:35.5]} 21... Bg7 {[%clk 0:06:23.7]} 22. d7 {[%clk 0:07:30.1]} 22... Rc5 {[%clk 0:06:09]} 23. Nxa7 {[%clk 0:07:26.3]} 23... Qc7 {[%clk 0:06:02.6]} 24. Ng5 {[%clk 0:05:44]} 24... Bf6 {[%clk 0:05:48.4]} 25. Ne4 {[%clk 0:05:15.1]} 25... Ra5 {[%clk 0:05:32.9]} 26. Nxf6+ {[%clk 0:05:11.8]} 26... Kg7 {[%clk 0:05:30.9]} 27. Nb5 {[%clk 0:04:56.9]} 27... Rxb5 {[%clk 0:05:20.7]} 28. Rxb5 {[%clk 0:04:54.2]} 28... Kxf6 {[%clk 0:05:14]} 29. g4 {[%clk 0:04:23.6]} 29... Nd6 {[%clk 0:05:09.8]} 30. Qd4+ {[%clk 0:04:18.8]} 30... Ke7 {[%clk 0:04:59]} 31. Rxb6 {[%clk 0:03:59.1]} 31... Qxd7 {[%clk 0:04:52.1]} 32. Qe3+ {[%clk 0:03:46.6]} 32... Qe6 {[%clk 0:04:48.4]} 33. Qg5+ {[%clk 0:03:40.6]} 33... Kd7 {[%clk 0:04:34.8]} 34. Qd2 {[%clk 0:03:28.2]} 34... Rc8 {[%clk 0:04:10.2]} 35. Rb7+ {[%clk 0:03:23]} 35... Rc7 {[%clk 0:04:03.9]} 36. Rxc7+ {[%clk 0:03:10.3]} 36... Kxc7 {[%clk 0:04:03.8]} 37. Qc2+ {[%clk 0:03:05.8]} 37... Kd7 {[%clk 0:03:49.5]} 38. a4 {[%clk 0:02:59.7]} 38... Qc4+ {[%clk 0:03:44.7]} 39. Qxc4 {[%clk 0:02:57]} 39... Nxc4 {[%clk 0:03:44.5]} 40. Ke2 {[%clk 0:02:56.2]} 40... Kc6 {[%clk 0:03:42.1]} 41. Kd3 {[%clk 0:02:55.2]} 41... Kc5 {[%clk 0:03:41.2]} 42. h4 {[%clk 0:02:50.3]} 42... Ne5+ {[%clk 0:03:38.2]} 43. Kc3 {[%clk 0:02:45.5]} 43... Nxg4 {[%clk 0:03:34.5]} 44. f3 {[%clk 0:02:44.9]} 44... Ne5 {[%clk 0:03:27]} 45. f4 {[%clk 0:02:43]} 45... Nc4 {[%clk 0:03:25.2]} 46. Kb3 {[%clk 0:02:41.1]} 46... Na5+ {[%clk 0:03:19.8]} 47. Ka3 {[%clk 0:02:39.7]} 47... Nc4+ {[%clk 0:03:18.2]} 48. Kb3 {[%clk 0:02:38.5]} 48... Na5+ {[%clk 0:03:10.3]} 49. Ka3 {[%clk 0:02:37.2]} 49... f5 {[%clk 0:03:06.4]} 50. Kb2 {[%clk 0:02:32.4]} 50... Kb4 {[%clk 0:03:03.1]} 51. Kc2 {[%clk 0:02:27.9]} 51... Kxa4 {[%clk 0:03:01.6]} 52. Kd2 {[%clk 0:02:27.8]} 52... Kb4 {[%clk 0:03:00.9]} 53. Ke2 {[%clk 0:02:27.7]} 53... Kc4 {[%clk 0:03:00.3]} 54. Kf3 {[%clk 0:02:27.6]} 54... Kd5 {[%clk 0:02:56.8]} 55. Ke3 {[%clk 0:02:25]} 55... Nc4+ {[%clk 0:02:54.2]} 56. Kd3 {[%clk 0:02:23.3]} 56... Nb2+ {[%clk 0:02:45.3]} 57. Ke2 {[%clk 0:02:21.7]} 57... Ke4 {[%clk 0:02:41.5]} 58. Kd2 {[%clk 0:02:18.3]} 58... Kxf4 {[%clk 0:02:39.6]} 59. Kc3 {[%clk 0:02:18.2]} 59... Nd1+ {[%clk 0:02:37.9]} 60. Kd2 {[%clk 0:02:17.6]} 60... Ne3 {[%clk 0:02:37]} 61. Ke2 {[%clk 0:02:16.4]} 61... Ng4 {[%clk 0:02:30.4]} 62. Kf1 {[%clk 0:02:09.8]} 62... Nh2+ {[%clk 0:02:20.1]} 63. Kg2 {[%clk 0:02:08.6]} 63... Nf3 {[%clk 0:02:19.4]} 64. Kf2 {[%clk 0:02:07.6]} 64... Kg4 {[%clk 0:02:18.2]} 65. Ke3 {[%clk 0:02:03]} 65... h5 {[%clk 0:02:12.3]} 66. Kf2 {[%clk 0:02:00.3]} 66... Ne5 {[%clk 0:02:07.9]} 67. Kg2 {[%clk 0:01:59]} 67... Kxh4 {[%clk 0:02:06.7]} 68. Kh2 {[%clk 0:01:58.3]} 68... f4 {[%clk 0:02:05.4]} 69. Kh1 {[%clk 0:01:57.7]} 69... g5 {[%clk 0:02:04.5]} 70. Kh2 {[%clk 0:01:56.7]} 70... g4 {[%clk 0:02:03.6]} 71. Kh1 {[%clk 0:01:56.1]} 71... g3 {[%clk 0:02:01.7]} 72. Kg2 {[%clk 0:01:55.1]} 72... f3+ {[%clk 0:01:58.6]} 73. Kg1 {[%clk 0:01:54.2]} 73... Kh3 {[%clk 0:01:55.1]} 74. Kh1 {[%clk 0:01:53.4]} 74... Nd3 {[%clk 0:01:51.3]} 75. Kg1 {[%clk 0:01:51]} 75... f2+ {[%clk 0:01:46.5]} 76. Kh1 {[%clk 0:01:49.8]} 76... g2# {[%clk 0:01:43]} 0-1
",https://www.chess.com/game/live/138000111506
2025-05-01 23:23:09,black,mehtab11,win,600,rapid,chess,"[Event ""Live Chess""]
[Site ""Chess.com""]
[Date ""2025.05.01""]
[Round ""-""]
[White ""Mehtab11""]
[Black ""macspacs""]
[Result ""0-1""]
[CurrentPosition ""5q2/p1b2P2/3kp3/1p4R1/8/2P4K/PP6/8 w - - 2 46""]
[Timezone ""UTC""]
[ECO ""B10""]
[ECOUrl ""https://www.chess.com/openings/Caro-Kann-Defense-2.Nf3-d5""]
[UTCDate ""2025.05.01""]
[UTCTime ""21:06:27""]
[WhiteElo ""950""]
[BlackElo ""972""]
[TimeControl ""600""]
[Termination ""macspacs won by resignation""]
[StartTime ""21:06:27""]
[EndDate ""2025.05.01""]
[EndTime ""21:23:09""]
[Link ""https://www.chess.com/game/live/138000581562""]

1. e4 {[%clk 0:09:57]} 1... c6 {[%clk 0:09:59.3]} 2. Nf3 {[%clk 0:09:55.9]} 2... d5 {[%clk 0:09:58.5]} 3. e5 {[%clk 0:09:50.3]} 3... Bf5 {[%clk 0:09:56.4]} 4. h3 {[%clk 0:09:47]} 4... e6 {[%clk 0:09:55.6]} 5. d4 {[%clk 0:09:45.5]} 5... Bb4+ {[%clk 0:09:50.7]} 6. c3 {[%clk 0:09:41.4]} 6... Ba5 {[%clk 0:09:45.7]} 7. Bd2 {[%clk 0:09:33.6]} 7... Ne7 {[%clk 0:09:43.7]} 8. Be2 {[%clk 0:09:20.9]} 8... O-O {[%clk 0:09:38.8]} 9. O-O {[%clk 0:09:19.3]} 9... Ng6 {[%clk 0:09:36.7]} 10. Be3 {[%clk 0:08:57.1]} 10... Bxh3 {[%clk 0:09:32.3]} 11. gxh3 {[%clk 0:08:42.6]} 11... Nh4 {[%clk 0:09:30.6]} 12. Bd3 {[%clk 0:08:16.3]} 12... g6 {[%clk 0:09:12.3]} 13. Nbd2 {[%clk 0:07:59]} 13... Nd7 {[%clk 0:08:30]} 14. Bg5 {[%clk 0:07:38]} 14... Nxf3+ {[%clk 0:08:16.7]} 15. Nxf3 {[%clk 0:07:33.2]} 15... f6 {[%clk 0:08:12]} 16. exf6 {[%clk 0:07:26.9]} 16... Nxf6 {[%clk 0:08:11.9]} 17. Ne5 {[%clk 0:07:05.7]} 17... Bc7 {[%clk 0:08:04.8]} 18. Qe2 {[%clk 0:06:40.9]} 18... Qd6 {[%clk 0:07:56.1]} 19. f4 {[%clk 0:06:18.3]} 19... Ne4 {[%clk 0:07:51.6]} 20. Bxe4 {[%clk 0:06:11.5]} 20... dxe4 {[%clk 0:07:51.4]} 21. Qxe4 {[%clk 0:06:06.9]} 21... Rf5 {[%clk 0:07:35.5]} 22. Rae1 {[%clk 0:05:50.1]} 22... b5 {[%clk 0:07:31.5]} 23. Nxc6 {[%clk 0:05:19.2]} 23... Rxg5+ {[%clk 0:07:18.6]} 24. Kh2 {[%clk 0:05:00.1]} 24... Rf5 {[%clk 0:07:16.5]} 25. Ne5 {[%clk 0:04:22.1]} 25... Raf8 {[%clk 0:07:08.2]} 26. Rf3 {[%clk 0:04:00.5]} 26... g5 {[%clk 0:07:04.1]} 27. Rg1 {[%clk 0:03:47.5]} 27... h6 {[%clk 0:07:00.1]} 28. Ng6 {[%clk 0:03:05.8]} 28... R8f6 {[%clk 0:06:53.8]} 29. Ne5 {[%clk 0:02:58.3]} 29... Kh7 {[%clk 0:06:30.6]} 30. fxg5 {[%clk 0:02:33.4]} 30... hxg5 {[%clk 0:06:23.2]} 31. Rxf5 {[%clk 0:02:19.9]} 31... Rxf5 {[%clk 0:06:20]} 32. Rg2 {[%clk 0:02:05.9]} 32... Kh6 {[%clk 0:05:34.9]} 33. h4 {[%clk 0:01:51.2]} 33... Kh5 {[%clk 0:04:57.9]} 34. Qg4+ {[%clk 0:01:38.5]} 34... Kh6 {[%clk 0:04:49.3]} 35. hxg5+ {[%clk 0:01:36.9]} 35... Kg7 {[%clk 0:04:36.8]} 36. Qh5 {[%clk 0:01:27.3]} 36... Rxe5 {[%clk 0:03:38.8]} 37. Qh6+ {[%clk 0:01:22.8]} 37... Kf7 {[%clk 0:03:38]} 38. Qh7+ {[%clk 0:01:10.1]} 38... Ke8 {[%clk 0:03:36.7]} 39. Qg8+ {[%clk 0:01:01.7]} 39... Kd7 {[%clk 0:03:35.3]} 40. Qf7+ {[%clk 0:00:57.1]} 40... Kc6 {[%clk 0:03:33.5]} 41. g6 {[%clk 0:00:47.1]} 41... Rf5+ {[%clk 0:03:29.8]} 42. Kh3 {[%clk 0:00:38.1]} 42... Rxf7 {[%clk 0:03:28.6]} 43. gxf7 {[%clk 0:00:37.1]} 43... Qf8 {[%clk 0:03:27.6]} 44. d5+ {[%clk 0:00:33.3]} 44... Kxd5 {[%clk 0:03:25.8]} 45. Rg5+ {[%clk 0:00:31.3]} 45... Kd6 {[%clk 0:03:23.6]} 0-1
",https://www.chess.com/game/live/138000581562
2025-05-01 23:35:27,black,drcollins1,loss,600,rapid,chess,"[Event ""Live Chess""]
[Site ""Chess.com""]
[Date ""2025.05.01""]
[Round ""-""]
[White ""DrCollins1""]
[Black ""macspacs""]
[Result ""1-0""]
[CurrentPosition ""r1b2rk1/1p3ppQ/p3p3/2bp2q1/8/8/PPPPNP1R/R1B1K1N1 b Q - 0 15""]
[Timezone ""UTC""]
[ECO ""B10""]
[ECOUrl ""https://www.chess.com/openings/Caro-Kann-Defense""]
[UTCDate ""2025.05.01""]
[UTCTime ""21:32:25""]
[WhiteElo ""983""]
[BlackElo ""964""]
[TimeControl ""600""]
[Termination ""DrCollins1 won by checkmate""]
[StartTime ""21:32:25""]
[EndDate ""2025.05.01""]
[EndTime ""21:35:27""]
[Link ""https://www.chess.com/game/live/138001280292""]

1. e4 {[%clk 0:09:59.8]} 1... c6 {[%clk 0:09:53.9]} 2. Qf3 {[%clk 0:09:58.6]} 2... d5 {[%clk 0:09:52.9]} 3. exd5 {[%clk 0:09:57.2]} 3... cxd5 {[%clk 0:09:52.2]} 4. Bb5+ {[%clk 0:09:55.7]} 4... Nc6 {[%clk 0:09:49.9]} 5. Nc3 {[%clk 0:09:49.3]} 5... Nf6 {[%clk 0:09:48.2]} 6. h3 {[%clk 0:09:45.5]} 6... e6 {[%clk 0:09:24.4]} 7. g4 {[%clk 0:09:40.1]} 7... a6 {[%clk 0:09:09.4]} 8. Be2 {[%clk 0:09:29.5]} 8... Nd4 {[%clk 0:09:04.9]} 9. Qd3 {[%clk 0:09:26.3]} 9... Nxe2 {[%clk 0:09:02.6]} 10. Ncxe2 {[%clk 0:09:19.2]} 10... Bc5 {[%clk 0:08:51.6]} 11. Rh2 {[%clk 0:09:07.4]} 11... O-O {[%clk 0:08:49]} 12. g5 {[%clk 0:08:58.7]} 12... Ne4 {[%clk 0:08:47.7]} 13. h4 {[%clk 0:08:51.6]} 13... Nxg5 {[%clk 0:08:27.7]} 14. hxg5 {[%clk 0:08:49.7]} 14... Qxg5 {[%clk 0:08:27.2]} 15. Qxh7# {[%clk 0:08:38.5]} 1-0
",https://www.chess.com/game/live/138001280292
2025-05-01 23:49:42,white,ki-ra0,draw,600,rapid,chess,"[Event ""Live Chess""]
[Site ""Chess.com""]
[Date ""2025.05.01""]
[Round ""-""]
[White ""macspacs""]
[Black ""KI-RA0""]
[Result ""1/2-1/2""]
[CurrentPosition ""8/1p3N2/3p4/pP1P2Q1/P3kp1P/7q/5P2/5K2 w - - 11 51""]
[Timezone ""UTC""]
[ECO ""C53""]
[ECOUrl ""https://www.chess.com/openings/Giuoco-Piano-Game-Main-Line-Albin-Gambit-5...d6-6.d4""]
[UTCDate ""2025.05.01""]
[UTCTime ""21:37:17""]
[WhiteElo ""964""]
[BlackElo ""969""]
[TimeControl ""600""]
[Termination ""Game drawn by repetition""]
[StartTime ""21:37:17""]
[EndDate ""2025.05.01""]
[EndTime ""21:49:42""]
[Link ""https://www.chess.com/game/live/138001405104""]

1. e4 {[%clk 0:09:58.9]} 1... e5 {[%clk 0:09:59.2]} 2. Nf3 {[%clk 0:09:58.3]} 2... Nc6 {[%clk 0:09:58.2]} 3. Bc4 {[%clk 0:09:57.7]} 3... Bc5 {[%clk 0:09:57.7]} 4. O-O {[%clk 0:09:56.2]} 4... d6 {[%clk 0:09:56.1]} 5. c3 {[%clk 0:09:54.6]} 5... Nf6 {[%clk 0:09:54.9]} 6. d4 {[%clk 0:09:25.9]} 6... exd4 {[%clk 0:09:53.4]} 7. cxd4 {[%clk 0:09:25.8]} 7... Bb4 {[%clk 0:09:42.8]} 8. a3 {[%clk 0:09:08.4]} 8... Ba5 {[%clk 0:09:39.7]} 9. b4 {[%clk 0:09:06.8]} 9... Bb6 {[%clk 0:09:39]} 10. b5 {[%clk 0:09:04.5]} 10... Ne7 {[%clk 0:09:31.4]} 11. Re1 {[%clk 0:08:58]} 11... O-O {[%clk 0:09:29.6]} 12. a4 {[%clk 0:08:34.8]} 12... a5 {[%clk 0:09:22.4]} 13. Nc3 {[%clk 0:08:30.2]} 13... Bg4 {[%clk 0:09:17.2]} 14. h3 {[%clk 0:08:27.8]} 14... Bh5 {[%clk 0:09:11.6]} 15. d5 {[%clk 0:08:19.5]} 15... c6 {[%clk 0:08:56.6]} 16. Bg5 {[%clk 0:08:17.4]} 16... cxd5 {[%clk 0:08:50.8]} 17. exd5 {[%clk 0:08:16.1]} 17... Re8 {[%clk 0:08:30.6]} 18. Bxf6 {[%clk 0:08:11.3]} 18... gxf6 {[%clk 0:08:29.3]} 19. Ne4 {[%clk 0:07:59.9]} 19... f5 {[%clk 0:08:12]} 20. Nf6+ {[%clk 0:07:55.9]} 20... Kf8 {[%clk 0:08:08.3]} 21. Nxh5 {[%clk 0:07:49.9]} 21... Ng6 {[%clk 0:08:04.3]} 22. Rxe8+ {[%clk 0:07:32.8]} 22... Qxe8 {[%clk 0:08:02.8]} 23. Nf6 {[%clk 0:07:27.9]} 23... Qd8 {[%clk 0:07:50.8]} 24. Nxh7+ {[%clk 0:07:26]} 24... Kg7 {[%clk 0:07:49.8]} 25. Nhg5 {[%clk 0:07:24.4]} 25... Qc7 {[%clk 0:07:40.6]} 26. Qd3 {[%clk 0:07:01.8]} 26... Qd7 {[%clk 0:07:29.1]} 27. Re1 {[%clk 0:06:51.6]} 27... Nf4 {[%clk 0:07:09.1]} 28. Qc3+ {[%clk 0:06:43.3]} 28... Kg6 {[%clk 0:07:01.9]} 29. h4 {[%clk 0:06:30]} 29... Rc8 {[%clk 0:06:53.7]} 30. Nd4 {[%clk 0:06:14.7]} 30... Re8 {[%clk 0:06:24.2]} 31. Be2 {[%clk 0:06:01.5]} 31... Bxd4 {[%clk 0:06:16.2]} 32. Qxd4 {[%clk 0:05:54.6]} 32... Rxe2 {[%clk 0:06:12.1]} 33. Kf1 {[%clk 0:05:28.7]} 33... Rxe1+ {[%clk 0:05:55.2]} 34. Kxe1 {[%clk 0:05:27.1]} 34... Nxg2+ {[%clk 0:05:54.5]} 35. Kf1 {[%clk 0:05:25.4]} 35... Kh5 {[%clk 0:05:22.3]} 36. Nf3 {[%clk 0:05:16.2]} 36... f4 {[%clk 0:05:11.1]} 37. Qh8+ {[%clk 0:05:11.8]} 37... Kg4 {[%clk 0:05:09.3]} 38. Nh2+ {[%clk 0:04:57.9]} 38... Kf5 {[%clk 0:04:59.5]} 39. Qh5+ {[%clk 0:04:51.1]} 39... Ke4 {[%clk 0:04:56.9]} 40. Qf3+ {[%clk 0:04:41.5]} 40... Ke5 {[%clk 0:04:52.4]} 41. Qxg2 {[%clk 0:04:40.6]} 41... Qc8 {[%clk 0:04:41.5]} 42. Ng4+ {[%clk 0:04:36.2]} 42... Kf5 {[%clk 0:04:36.4]} 43. Nh6+ {[%clk 0:04:30.4]} 43... Ke5 {[%clk 0:04:31.4]} 44. Qg5+ {[%clk 0:04:27.5]} 44... Ke4 {[%clk 0:04:29.2]} 45. Nxf7 {[%clk 0:04:10.8]} 45... Qh3+ {[%clk 0:04:26.5]} 46. Ke2 {[%clk 0:04:09]} 46... Qd3+ {[%clk 0:04:23.6]} 47. Ke1 {[%clk 0:04:04.3]} 47... Qc3+ {[%clk 0:04:11.6]} 48. Kf1 {[%clk 0:04:03.1]} 48... Qh3+ {[%clk 0:04:08.9]} 49. Ke1 {[%clk 0:03:59]} 49... Qc3+ {[%clk 0:04:05.5]} 50. Kf1 {[%clk 0:03:57.6]} 50... Qh3+ {[%clk 0:04:03.3]} 1/2-1/2
",https://www.chess.com/game/live/138001405104
2025-05-01 23:54:05,white,m3u6s9,loss,600,rapid,chess,"[Event ""Live Chess""]
[Site ""Chess.com""]
[Date ""2025.05.01""]
[Round ""-""]
[White ""macspacs""]
[Black ""m3u6s9""]
[Result ""0-1""]
[CurrentPosition ""r3kb1r/pb1p1ppp/4p3/1p6/2p5/P1P3PP/BP1B1PqK/RN1Q1R2 w kq - 1 16""]
[Timezone ""UTC""]
[ECO ""B30""]
[ECOUrl ""https://www.chess.com/openings/Sicilian-Defense-Old-Sicilian-Variation-3.Bc4-e6-4.O-O""]
[UTCDate ""2025.05.01""]
[UTCTime ""21:50:03""]
[WhiteElo ""957""]
[BlackElo ""995""]
[TimeControl ""600""]
[Termination ""m3u6s9 won by checkmate""]
[StartTime ""21:50:03""]
[EndDate ""2025.05.01""]
[EndTime ""21:54:05""]
[Link ""https://www.chess.com/game/live/138001727570""]

1. e4 {[%clk 0:09:59.9]} 1... c5 {[%clk 0:09:56.7]} 2. Nf3 {[%clk 0:09:53.8]} 2... Nc6 {[%clk 0:09:50.6]} 3. Bc4 {[%clk 0:09:52.2]} 3... e6 {[%clk 0:09:35.5]} 4. O-O {[%clk 0:09:50.4]} 4... Nf6 {[%clk 0:09:18.7]} 5. e5 {[%clk 0:09:47.5]} 5... Ng4 {[%clk 0:09:01.4]} 6. h3 {[%clk 0:09:44.2]} 6... Ngxe5 {[%clk 0:08:58.3]} 7. Nxe5 {[%clk 0:09:42.4]} 7... Nxe5 {[%clk 0:08:56.1]} 8. Bb3 {[%clk 0:09:38.5]} 8... b5 {[%clk 0:08:32.2]} 9. a3 {[%clk 0:09:30.9]} 9... Bb7 {[%clk 0:08:15.1]} 10. c3 {[%clk 0:09:25.2]} 10... c4 {[%clk 0:07:53.8]} 11. Ba2 {[%clk 0:09:22.4]} 11... Qg5 {[%clk 0:07:40.3]} 12. g3 {[%clk 0:09:04.1]} 12... Nf3+ {[%clk 0:07:31.5]} 13. Kh1 {[%clk 0:08:59.3]} 13... Nxd2+ {[%clk 0:07:21.7]} 14. Kh2 {[%clk 0:08:56.2]} 14... Qd5 {[%clk 0:07:14.2]} 15. Bxd2 {[%clk 0:08:54.2]} 15... Qg2# {[%clk 0:07:11.5]} 0-1
",https://www.chess.com/game/live/138001727570
2025-05-02 00:05:09,black,yuanstark,loss,600,rapid,chess,"[Event ""Live Chess""]
[Site ""Chess.com""]
[Date ""2025.05.01""]
[Round ""-""]
[White ""YuanStark""]
[Black ""macspacs""]
[Result ""1-0""]
[CurrentPosition ""5r2/4Qp2/p1kq4/1p1bR3/1P1N4/P1P5/5PP1/6K1 b - - 2 41""]
[Timezone ""UTC""]
[ECO ""B10""]
[ECOUrl ""https://www.chess.com/openings/Caro-Kann-Defense-2.Nf3-d5-3.exd5-cxd5""]
[UTCDate ""2025.05.01""]
[UTCTime ""21:55:18""]
[WhiteElo ""989""]
[BlackElo ""950""]
[TimeControl ""600""]
[Termination ""YuanStark won by resignation""]
[StartTime ""21:55:18""]
[EndDate ""2025.05.01""]
[EndTime ""22:05:09""]
[Link ""https://www.chess.com/game/live/138001852704""]

1. e4 {[%clk 0:09:58.5]} 1... c6 {[%clk 0:09:59.2]} 2. Nf3 {[%clk 0:09:56.7]} 2... d5 {[%clk 0:09:58.6]} 3. exd5 {[%clk 0:09:55.2]} 3... cxd5 {[%clk 0:09:57.8]} 4. Bc4 {[%clk 0:09:53.4]} 4... Nf6 {[%clk 0:09:55.1]} 5. Bb5+ {[%clk 0:09:50.7]} 5... Nc6 {[%clk 0:09:52.9]} 6. O-O {[%clk 0:09:47]} 6... a6 {[%clk 0:09:51]} 7. Ba4 {[%clk 0:09:45.7]} 7... b5 {[%clk 0:09:49.6]} 8. Bb3 {[%clk 0:09:44.2]} 8... e6 {[%clk 0:09:47.2]} 9. a3 {[%clk 0:09:40.4]} 9... Bc5 {[%clk 0:09:43.3]} 10. d4 {[%clk 0:09:37.3]} 10... Ba7 {[%clk 0:09:37.9]} 11. c3 {[%clk 0:09:35.2]} 11... O-O {[%clk 0:09:36.3]} 12. Bg5 {[%clk 0:09:27.4]} 12... h6 {[%clk 0:09:34.2]} 13. Bh4 {[%clk 0:09:25.7]} 13... Re8 {[%clk 0:09:23.6]} 14. Ne5 {[%clk 0:09:15.3]} 14... Nxe5 {[%clk 0:09:22.3]} 15. dxe5 {[%clk 0:09:12.6]} 15... g5 {[%clk 0:08:25.6]} 16. exf6 {[%clk 0:08:57.6]} 16... gxh4 {[%clk 0:08:21.9]} 17. Qh5 {[%clk 0:08:54.9]} 17... Qxf6 {[%clk 0:08:20.1]} 18. Nd2 {[%clk 0:08:52]} 18... Kh7 {[%clk 0:08:05.6]} 19. Nf3 {[%clk 0:08:49.9]} 19... e5 {[%clk 0:07:56.8]} 20. Nxh4 {[%clk 0:08:47.6]} 20... Rg8 {[%clk 0:07:46]} 21. Bc2+ {[%clk 0:08:45.7]} 21... Kh8 {[%clk 0:07:43.2]} 22. Rad1 {[%clk 0:08:36.4]} 22... Rg5 {[%clk 0:07:40.4]} 23. Qf3 {[%clk 0:08:14.7]} 23... Qe7 {[%clk 0:07:00.2]} 24. Rxd5 {[%clk 0:08:05.9]} 24... e4 {[%clk 0:06:50.8]} 25. Qf4 {[%clk 0:07:55.9]} 25... Rxd5 {[%clk 0:06:48.4]} 26. Bxe4 {[%clk 0:07:51.1]} 26... Bb8 {[%clk 0:06:10.8]} 27. Qxh6+ {[%clk 0:07:47.2]} 27... Kg8 {[%clk 0:06:00.7]} 28. Qh7+ {[%clk 0:07:38.7]} 28... Kf8 {[%clk 0:05:55.3]} 29. Bxd5 {[%clk 0:07:37.4]} 29... Bxh2+ {[%clk 0:05:47.5]} 30. Kxh2 {[%clk 0:07:31.1]} 30... Qe5+ {[%clk 0:05:46.4]} 31. Kg1 {[%clk 0:07:22.5]} 31... Qxd5 {[%clk 0:05:45.3]} 32. Qh8+ {[%clk 0:07:10.3]} 32... Ke7 {[%clk 0:05:44]} 33. Re1+ {[%clk 0:07:09.4]} 33... Kd6 {[%clk 0:05:42.8]} 34. Qh6+ {[%clk 0:07:01]} 34... Be6 {[%clk 0:05:31.2]} 35. Qf4+ {[%clk 0:06:56.4]} 35... Kc5 {[%clk 0:05:28.1]} 36. Nf3 {[%clk 0:06:48.2]} 36... Rf8 {[%clk 0:05:12.2]} 37. Qc7+ {[%clk 0:06:41]} 37... Qc6 {[%clk 0:05:07.1]} 38. Re5+ {[%clk 0:06:33.1]} 38... Bd5 {[%clk 0:05:01.4]} 39. Qe7+ {[%clk 0:06:12.6]} 39... Qd6 {[%clk 0:04:57.5]} 40. b4+ {[%clk 0:05:52.7]} 40... Kc6 {[%clk 0:04:54.7]} 41. Nd4+ {[%clk 0:05:47.6]} 1-0
",https://www.chess.com/game/live/138001852704
2025-05-02 07:28:25,white,hambalych,win,600,rapid,chess,"[Event ""Live Chess""]
[Site ""Chess.com""]
[Date ""2025.05.02""]
[Round ""-""]
[White ""macspacs""]
[Black ""Hambalych""]
[Result ""1-0""]
[CurrentPosition ""5r1r/1np5/p2p2k1/1p1Pp1P1/1P5P/2P2PR1/P5KQ/1q6 b - - 2 40""]
[Timezone ""UTC""]
[ECO ""C41""]
[ECOUrl ""https://www.chess.com/openings/Philidor-Defense-3.Bc4-Nf6""]
[UTCDate ""2025.05.02""]
[UTCTime ""05:13:18""]
[WhiteElo ""959""]
[BlackElo ""963""]
[TimeControl ""600""]
[Termination ""macspacs won on time""]
[StartTime ""05:13:18""]
[EndDate ""2025.05.02""]
[EndTime ""05:28:25""]
[Link ""https://www.chess.com/game/live/138009880280""]

1. e4 {[%clk 0:09:59.4]} 1... e5 {[%clk 0:09:58.1]} 2. Nf3 {[%clk 0:09:57.9]} 2... d6 {[%clk 0:09:56]} 3. Bc4 {[%clk 0:09:57.2]} 3... Nf6 {[%clk 0:09:24.7]} 4. d3 {[%clk 0:09:52.3]} 4... h6 {[%clk 0:09:20.2]} 5. O-O {[%clk 0:09:51.1]} 5... Be7 {[%clk 0:09:17.2]} 6. Re1 {[%clk 0:09:42.5]} 6... O-O {[%clk 0:09:12.9]} 7. c3 {[%clk 0:09:41.7]} 7... Nc6 {[%clk 0:09:07.1]} 8. d4 {[%clk 0:09:39.9]} 8... Bd7 {[%clk 0:08:57.3]} 9. d5 {[%clk 0:09:35.6]} 9... Na5 {[%clk 0:08:51.9]} 10. Bb3 {[%clk 0:09:29.6]} 10... Bg4 {[%clk 0:08:24.7]} 11. Ba4 {[%clk 0:09:21.5]} 11... b6 {[%clk 0:08:14.8]} 12. h3 {[%clk 0:09:20.2]} 12... Bh5 {[%clk 0:08:08.2]} 13. b4 {[%clk 0:09:15.2]} 13... Nb7 {[%clk 0:07:32.9]} 14. Bc6 {[%clk 0:09:11.7]} 14... Rb8 {[%clk 0:07:26.9]} 15. Nbd2 {[%clk 0:09:08.2]} 15... a6 {[%clk 0:07:10.7]} 16. Qc2 {[%clk 0:09:06.3]} 16... b5 {[%clk 0:07:03.5]} 17. Nh4 {[%clk 0:09:04.9]} 17... Qc8 {[%clk 0:05:50.1]} 18. Nf5 {[%clk 0:08:56.1]} 18... Bd8 {[%clk 0:05:13]} 19. Qd3 {[%clk 0:08:24]} 19... Bg6 {[%clk 0:04:51.1]} 20. Nxh6+ {[%clk 0:08:18.9]} 20... gxh6 {[%clk 0:04:37.2]} 21. Nf3 {[%clk 0:08:18.2]} 21... Bxe4 {[%clk 0:04:13.7]} 22. Rxe4 {[%clk 0:08:09.4]} 22... Nxe4 {[%clk 0:04:06]} 23. Qxe4 {[%clk 0:08:08.4]} 23... Bf6 {[%clk 0:03:59.5]} 24. Bxh6 {[%clk 0:08:05.8]} 24... Bg7 {[%clk 0:02:59.8]} 25. Bxg7 {[%clk 0:07:55.7]} 25... Kxg7 {[%clk 0:02:56.1]} 26. Ng5 {[%clk 0:07:52.9]} 26... f5 {[%clk 0:02:41.8]} 27. Qh4 {[%clk 0:07:44.1]} 27... Rh8 {[%clk 0:02:30]} 28. Qg3 {[%clk 0:07:27.6]} 28... Kf6 {[%clk 0:01:50.1]} 29. Nf3 {[%clk 0:07:17.8]} 29... Qg8 {[%clk 0:01:29.5]} 30. Qh2 {[%clk 0:07:16.6]} 30... Nd8 {[%clk 0:01:12.1]} 31. Bd7 {[%clk 0:07:12.6]} 31... Qf7 {[%clk 0:01:02]} 32. Bxf5 {[%clk 0:07:06.9]} 32... Kxf5 {[%clk 0:00:55]} 33. g4+ {[%clk 0:07:06.2]} 33... Kg6 {[%clk 0:00:47.4]} 34. Re1 {[%clk 0:06:47.4]} 34... Qxf3 {[%clk 0:00:44.3]} 35. Re3 {[%clk 0:06:03.8]} 35... Qf6 {[%clk 0:00:26.4]} 36. Rg3 {[%clk 0:05:49.9]} 36... Nb7 {[%clk 0:00:19.6]} 37. g5 {[%clk 0:05:48.6]} 37... Qf5 {[%clk 0:00:12.7]} 38. h4 {[%clk 0:05:46.9]} 38... Rbf8 {[%clk 0:00:09]} 39. f3 {[%clk 0:05:14.9]} 39... Qb1+ {[%clk 0:00:02.3]} 40. Kg2 {[%clk 0:05:13.5]} 1-0
",https://www.chess.com/game/live/138009880280
2025-05-02 07:39:24,white,incelhu,win,600,rapid,chess,"[Event ""Live Chess""]
[Site ""Chess.com""]
[Date ""2025.05.02""]
[Round ""-""]
[White ""macspacs""]
[Black ""incelhu""]
[Result ""1-0""]
[CurrentPosition ""8/6pk/7p/8/4Q3/3p1P1P/r5PK/8 b - - 2 45""]
[Timezone ""UTC""]
[ECO ""B15""]
[ECOUrl ""https://www.chess.com/openings/Caro-Kann-Defense-2.d4-d5-3.Nc3""]
[UTCDate ""2025.05.02""]
[UTCTime ""05:28:48""]
[WhiteElo ""967""]
[BlackElo ""967""]
[TimeControl ""600""]
[Termination ""macspacs won by resignation""]
[StartTime ""05:28:48""]
[EndDate ""2025.05.02""]
[EndTime ""05:39:24""]
[Link ""https://www.chess.com/game/live/138010159452""]

1. e4 {[%clk 0:09:59.9]} 1... c6 {[%clk 0:09:58.2]} 2. d4 {[%clk 0:09:57.9]} 2... d5 {[%clk 0:09:56.7]} 3. Nc3 {[%clk 0:09:54.8]} 3... e5 {[%clk 0:09:46.5]} 4. Bd3 {[%clk 0:09:44.7]} 4... Nd7 {[%clk 0:09:42]} 5. dxe5 {[%clk 0:09:39]} 5... Nxe5 {[%clk 0:09:40.4]} 6. Nf3 {[%clk 0:09:38.5]} 6... Nxf3+ {[%clk 0:09:39.1]} 7. Qxf3 {[%clk 0:09:37.7]} 7... Nf6 {[%clk 0:09:37.9]} 8. O-O {[%clk 0:09:35.9]} 8... Bd6 {[%clk 0:09:37]} 9. exd5 {[%clk 0:09:34.2]} 9... cxd5 {[%clk 0:09:33.9]} 10. Re1+ {[%clk 0:09:32.4]} 10... Be7 {[%clk 0:09:31.7]} 11. Nb1 {[%clk 0:09:28.6]} 11... O-O {[%clk 0:09:30.3]} 12. c4 {[%clk 0:09:26]} 12... d4 {[%clk 0:09:27.7]} 13. Qe2 {[%clk 0:09:10.9]} 13... Bb4 {[%clk 0:09:24.8]} 14. Bd2 {[%clk 0:09:04.3]} 14... Re8 {[%clk 0:09:17]} 15. Qd1 {[%clk 0:08:55.2]} 15... Rxe1+ {[%clk 0:08:56.2]} 16. Bxe1 {[%clk 0:08:53.9]} 16... Bxe1 {[%clk 0:08:39.9]} 17. Qxe1 {[%clk 0:08:52.8]} 17... Be6 {[%clk 0:08:35.8]} 18. Nd2 {[%clk 0:08:48.8]} 18... Rc8 {[%clk 0:08:31.9]} 19. b3 {[%clk 0:08:46.2]} 19... Qd7 {[%clk 0:08:30.7]} 20. h3 {[%clk 0:08:36.1]} 20... a6 {[%clk 0:08:28.5]} 21. Nf3 {[%clk 0:08:31.5]} 21... b5 {[%clk 0:08:17]} 22. Ne5 {[%clk 0:08:29.6]} 22... Qe8 {[%clk 0:08:10.3]} 23. c5 {[%clk 0:08:23.7]} 23... Rxc5 {[%clk 0:08:07.4]} 24. b4 {[%clk 0:08:12.6]} 24... Rc3 {[%clk 0:08:05.5]} 25. Qd2 {[%clk 0:08:06.4]} 25... Bxa2 {[%clk 0:07:18]} 26. Re1 {[%clk 0:07:47.7]} 26... h6 {[%clk 0:06:29.4]} 27. Nf3 {[%clk 0:07:39.2]} 27... Qc8 {[%clk 0:06:23]} 28. Qxa2 {[%clk 0:07:32.4]} 28... Rxd3 {[%clk 0:06:14.3]} 29. Ne5 {[%clk 0:07:24.8]} 29... Rc3 {[%clk 0:06:06]} 30. Qxf7+ {[%clk 0:07:19.9]} 30... Kh7 {[%clk 0:06:03.9]} 31. Qg6+ {[%clk 0:07:15.2]} 31... Kg8 {[%clk 0:06:02.1]} 32. Ng4 {[%clk 0:06:36]} 32... Nxg4 {[%clk 0:05:58.2]} 33. Re8+ {[%clk 0:06:34.3]} 33... Qxe8 {[%clk 0:05:50.4]} 34. Qxe8+ {[%clk 0:06:33.3]} 34... Kh7 {[%clk 0:05:49.8]} 35. Qe4+ {[%clk 0:06:29.3]} 35... Kh8 {[%clk 0:05:41.7]} 36. Qxg4 {[%clk 0:06:28.3]} 36... Rc4 {[%clk 0:05:40.2]} 37. Kh2 {[%clk 0:06:25.6]} 37... Rxb4 {[%clk 0:05:38.6]} 38. Qc8+ {[%clk 0:06:20.9]} 38... Kh7 {[%clk 0:05:35.3]} 39. Qxa6 {[%clk 0:06:19.9]} 39... d3 {[%clk 0:05:32]} 40. Qd6 {[%clk 0:06:12.1]} 40... Rb3 {[%clk 0:05:26]} 41. Qd5 {[%clk 0:06:09.9]} 41... Rc3 {[%clk 0:05:14]} 42. Qd4 {[%clk 0:06:08.8]} 42... Ra3 {[%clk 0:05:00.4]} 43. f3 {[%clk 0:05:38.2]} 43... b4 {[%clk 0:04:29]} 44. Qxb4 {[%clk 0:05:36.3]} 44... Ra2 {[%clk 0:04:25.1]} 45. Qe4+ {[%clk 0:05:29.7]} 1-0
",https://www.chess.com/game/live/138010159452
2025-05-02 07:43:51,black,ridhoq99,loss,600,rapid,chess,"[Event ""Live Chess""]
[Site ""Chess.com""]
[Date ""2025.05.02""]
[Round ""-""]
[White ""ridhoq99""]
[Black ""macspacs""]
[Result ""1-0""]
[CurrentPosition ""3q1rk1/5ppp/Q1p1pb2/p7/1p1P4/P1P2N2/1P3PPP/R4RK1 b - - 0 20""]
[Timezone ""UTC""]
[ECO ""B13""]
[ECOUrl ""https://www.chess.com/openings/Caro-Kann-Defense-Exchange-Variation-3...Qxd5""]
[UTCDate ""2025.05.02""]
[UTCTime ""05:39:34""]
[WhiteElo ""976""]
[BlackElo ""959""]
[TimeControl ""600""]
[Termination ""ridhoq99 won by resignation""]
[StartTime ""05:39:34""]
[EndDate ""2025.05.02""]
[EndTime ""05:43:51""]
[Link ""https://www.chess.com/game/live/138010363816""]

1. e4 {[%clk 0:09:58.6]} 1... c6 {[%clk 0:09:51.2]} 2. d4 {[%clk 0:09:56.7]} 2... d5 {[%clk 0:09:50.5]} 3. exd5 {[%clk 0:09:52.2]} 3... Qxd5 {[%clk 0:09:47.3]} 4. Bd2 {[%clk 0:09:40.5]} 4... Nf6 {[%clk 0:09:46]} 5. Nf3 {[%clk 0:09:35.4]} 5... e6 {[%clk 0:09:42.7]} 6. Nc3 {[%clk 0:09:32.7]} 6... Qd8 {[%clk 0:09:35.7]} 7. Bg5 {[%clk 0:09:30.4]} 7... Be7 {[%clk 0:09:34.3]} 8. Ne5 {[%clk 0:09:18.1]} 8... O-O {[%clk 0:09:30.9]} 9. Bxf6 {[%clk 0:09:15.3]} 9... Bxf6 {[%clk 0:09:29.6]} 10. Nf3 {[%clk 0:09:13.2]} 10... Nd7 {[%clk 0:09:18.5]} 11. Be2 {[%clk 0:09:00.7]} 11... Nb6 {[%clk 0:09:11.7]} 12. O-O {[%clk 0:08:51.2]} 12... Nd5 {[%clk 0:09:10.5]} 13. Qd2 {[%clk 0:08:37.3]} 13... Nxc3 {[%clk 0:09:01.3]} 14. Qxc3 {[%clk 0:08:30.4]} 14... a5 {[%clk 0:08:26.3]} 15. Qd3 {[%clk 0:08:25.2]} 15... b5 {[%clk 0:08:21.7]} 16. c3 {[%clk 0:08:21.4]} 16... Ba6 {[%clk 0:08:20.5]} 17. a3 {[%clk 0:08:12.1]} 17... b4 {[%clk 0:08:19.2]} 18. Qc2 {[%clk 0:08:02.8]} 18... Bxe2 {[%clk 0:08:10.4]} 19. Qxe2 {[%clk 0:08:00.8]} 19... Ra6 {[%clk 0:08:01.4]} 20. Qxa6 {[%clk 0:07:57.2]} 1-0
",https://www.chess.com/game/live/138010363816
2025-05-02 07:50:24,white,swrangshar,win,600,rapid,chess,"[Event ""Live Chess""]
[Site ""Chess.com""]
[Date ""2025.05.02""]
[Round ""-""]
[White ""macspacs""]
[Black ""swrangshar""]
[Result ""1-0""]
[CurrentPosition ""k2rq2r/Q5p1/1p1P1b1p/1N2p3/8/2P5/P4PPP/R1B2RK1 b - - 0 25""]
[Timezone ""UTC""]
[ECO ""C50""]
[ECOUrl ""https://www.chess.com/openings/Italian-Game-3...d6-4.O-O""]
[UTCDate ""2025.05.02""]
[UTCTime ""05:45:39""]
[WhiteElo ""967""]
[BlackElo ""965""]
[TimeControl ""600""]
[Termination ""macspacs won by checkmate""]
[StartTime ""05:45:39""]
[EndDate ""2025.05.02""]
[EndTime ""05:50:24""]
[Link ""https://www.chess.com/game/live/138010478368""]

1. e4 {[%clk 0:09:59.9]} 1... e5 {[%clk 0:09:58.6]} 2. Nf3 {[%clk 0:09:59.4]} 2... Nc6 {[%clk 0:09:56.9]} 3. Bc4 {[%clk 0:09:57.9]} 3... d6 {[%clk 0:09:55.6]} 4. O-O {[%clk 0:09:54.4]} 4... Nf6 {[%clk 0:09:53.9]} 5. Ng5 {[%clk 0:09:53.1]} 5... Be6 {[%clk 0:09:49.9]} 6. Bxe6 {[%clk 0:09:50]} 6... fxe6 {[%clk 0:09:46.6]} 7. Nxe6 {[%clk 0:09:49]} 7... Qe7 {[%clk 0:09:44.9]} 8. Ng5 {[%clk 0:09:45.3]} 8... h6 {[%clk 0:09:34.9]} 9. Nf3 {[%clk 0:09:44]} 9... O-O-O {[%clk 0:09:32.3]} 10. c3 {[%clk 0:09:42.9]} 10... Kb8 {[%clk 0:09:30.3]} 11. d4 {[%clk 0:09:41.7]} 11... Nxe4 {[%clk 0:09:24.4]} 12. d5 {[%clk 0:09:33.4]} 12... Na5 {[%clk 0:09:15.1]} 13. b4 {[%clk 0:09:31.9]} 13... Nc4 {[%clk 0:09:11.5]} 14. Qd3 {[%clk 0:09:24.5]} 14... Ng5 {[%clk 0:08:50.8]} 15. Nxg5 {[%clk 0:09:20.8]} 15... Nb2 {[%clk 0:08:37.6]} 16. Bxb2 {[%clk 0:09:19]} 16... Qxg5 {[%clk 0:08:34.9]} 17. Bc1 {[%clk 0:09:12.9]} 17... Qh5 {[%clk 0:08:20.7]} 18. Na3 {[%clk 0:09:11.3]} 18... Be7 {[%clk 0:08:18.4]} 19. Nb5 {[%clk 0:09:09.9]} 19... c5 {[%clk 0:08:03.3]} 20. bxc5 {[%clk 0:09:01.7]} 20... dxc5 {[%clk 0:08:01.5]} 21. d6 {[%clk 0:08:56.7]} 21... Bf6 {[%clk 0:07:43.9]} 22. Qd5 {[%clk 0:08:45.4]} 22... Qe8 {[%clk 0:07:29]} 23. Qxc5 {[%clk 0:08:38.5]} 23... b6 {[%clk 0:07:08.2]} 24. Qc7+ {[%clk 0:08:24.6]} 24... Ka8 {[%clk 0:07:05.1]} 25. Qxa7# {[%clk 0:08:22.5]} 1-0
",https://www.chess.com/game/live/138010478368
2025-05-02 07:55:53,black,swrangshar,win,600,rapid,chess,"[Event ""Live Chess""]
[Site ""Chess.com""]
[Date ""2025.05.02""]
[Round ""-""]
[White ""swrangshar""]
[Black ""macspacs""]
[Result ""0-1""]
[CurrentPosition ""5rk1/1p4pp/p7/3R4/5pQ1/5P2/P5PP/4q2K w - - 0 35""]
[Timezone ""UTC""]
[ECO ""B13""]
[ECOUrl ""https://www.chess.com/openings/Caro-Kann-Defense-Exchange-Variation-3...cxd5""]
[UTCDate ""2025.05.02""]
[UTCTime ""05:50:40""]
[WhiteElo ""957""]
[BlackElo ""975""]
[TimeControl ""600""]
[Termination ""macspacs won by checkmate""]
[StartTime ""05:50:40""]
[EndDate ""2025.05.02""]
[EndTime ""05:55:53""]
[Link ""https://www.chess.com/game/live/138010575252""]

1. e4 {[%clk 0:09:59.9]} 1... c6 {[%clk 0:09:59.1]} 2. d4 {[%clk 0:09:58.3]} 2... d5 {[%clk 0:09:58.3]} 3. exd5 {[%clk 0:09:56.1]} 3... cxd5 {[%clk 0:09:57.3]} 4. Be2 {[%clk 0:09:54.7]} 4... Nf6 {[%clk 0:09:56.2]} 5. Nf3 {[%clk 0:09:53.4]} 5... Bg4 {[%clk 0:09:54]} 6. Be3 {[%clk 0:09:49.1]} 6... e6 {[%clk 0:09:50.8]} 7. Ne5 {[%clk 0:09:47.1]} 7... Bxe2 {[%clk 0:09:48.4]} 8. Qxe2 {[%clk 0:09:45.8]} 8... Bb4+ {[%clk 0:09:47.5]} 9. c3 {[%clk 0:09:43.3]} 9... Ba5 {[%clk 0:09:46.6]} 10. Na3 {[%clk 0:09:40.1]} 10... O-O {[%clk 0:09:44.4]} 11. Nb5 {[%clk 0:09:33]} 11... a6 {[%clk 0:09:40.9]} 12. Na3 {[%clk 0:09:27.4]} 12... Ne4 {[%clk 0:09:38.7]} 13. O-O {[%clk 0:09:20.7]} 13... Nd7 {[%clk 0:09:30.8]} 14. Nxd7 {[%clk 0:09:15.9]} 14... Qxd7 {[%clk 0:09:29.8]} 15. b4 {[%clk 0:09:13.4]} 15... Bd8 {[%clk 0:09:27.2]} 16. Qf3 {[%clk 0:09:06]} 16... Nxc3 {[%clk 0:09:24.3]} 17. Bf4 {[%clk 0:08:59.1]} 17... Ne4 {[%clk 0:09:21]} 18. Nc2 {[%clk 0:08:51.3]} 18... Bc7 {[%clk 0:09:15.1]} 19. Ne3 {[%clk 0:08:46.8]} 19... Bxf4 {[%clk 0:09:13.3]} 20. Qxf4 {[%clk 0:08:45.3]} 20... Nd2 {[%clk 0:09:09.9]} 21. Rfd1 {[%clk 0:08:37.6]} 21... Ne4 {[%clk 0:09:08.7]} 22. Ng4 {[%clk 0:08:24.3]} 22... f5 {[%clk 0:09:02.9]} 23. Ne5 {[%clk 0:08:21.6]} 23... Qe7 {[%clk 0:08:53.3]} 24. f3 {[%clk 0:08:17.5]} 24... Ng5 {[%clk 0:08:51.8]} 25. Qg3 {[%clk 0:07:59.1]} 25... f4 {[%clk 0:08:43]} 26. Qg4 {[%clk 0:07:53]} 26... Nf7 {[%clk 0:08:36.5]} 27. Nd3 {[%clk 0:07:48.4]} 27... e5 {[%clk 0:08:24.9]} 28. Nxe5 {[%clk 0:07:42.8]} 28... Nxe5 {[%clk 0:08:23.4]} 29. dxe5 {[%clk 0:07:41.5]} 29... Qxe5 {[%clk 0:08:22.1]} 30. Re1 {[%clk 0:07:37]} 30... Qd4+ {[%clk 0:08:19.9]} 31. Kh1 {[%clk 0:07:35.1]} 31... Rae8 {[%clk 0:08:19]} 32. Red1 {[%clk 0:07:16.1]} 32... Qxb4 {[%clk 0:08:07.7]} 33. Rxd5 {[%clk 0:07:05]} 33... Re1+ {[%clk 0:08:06.2]} 34. Rxe1 {[%clk 0:06:59]} 34... Qxe1# {[%clk 0:08:05]} 0-1
",https://www.chess.com/game/live/138010575252
